<?xml version="1.0" encoding="UTF-8" standalone="yes"?>
<addon id="repository.Chameleon" name="[COLOR red]Chame[/COLOR][COLOR blue]leon19[/COLOR] [COLOR yellow]TV[/COLOR] [COLOR green] Repository [/COLOR] " version="5.0.2" provider-name="Chameleon">
        <extension point="xbmc.addon.repository" name="CPTV">
                <info compressed="false">http://cha1m.com/kids2/addons.xml</info>
                <checksum>http://cha1m.com/kids2/addons.xml.md5</checksum>
                <datadir zip="true">http://cha1m.com/kids2/zips</datadir>
        </extension>
        <extension point="xbmc.addon.metadata">
                <summary></summary>
                <description lang="he"></description>
                <disclaimer></disclaimer>
                <platform>all</platform>
        </extension>
</addon>